id;name;first_name;birth_date;sex;phone;email;objective;observations;creation_date;is_active
1;mobile Fish;Orval;2019-06-06T05:06:15;MASCULINO;5808;Sammie.Hartmann@yahoo.com;MUSCULACION;Chips;2019-06-06T15:04:13;true
2;Home Loan Account;Adaline;2019-06-06T09:06:19;MASCULINO;61185;Brody97@yahoo.com;MUSCULACION;grey Cambridgeshire;2019-06-06T05:15:14;false
3;HDD;Marilou;2019-06-06T15:22:45;MASCULINO;80839;Ellis23@yahoo.com;MUSCULACION;Games Regional Digitized;2019-06-06T03:34:17;true
4;convergence;Cordell;2019-06-06T06:21:03;MASCULINO;77513;Trinity_Huels59@yahoo.com;MUSCULACION;Tactics;2019-06-05T23:12:12;false
5;interactive generating compelling;Earl;2019-06-06T04:54:11;MASCULINO;16526;Afton_Yost@gmail.com;MUSCULACION;magenta monitor 1080p;2019-06-06T04:55:44;false
6;world-class Frozen IB;Lincoln;2019-06-06T08:41:06;MASCULINO;37081;Marcella_Hane@gmail.com;MUSCULACION;embrace Developer;2019-06-05T23:05:53;true
7;Idaho compress Avon;Joyce;2019-06-06T02:24:58;MASCULINO;20171;Sonny.Nicolas@gmail.com;MUSCULACION;Investment Account;2019-06-06T06:30:57;true
8;User-centric;Arely;2019-06-06T05:05:57;MASCULINO;88046;Lindsey63@hotmail.com;MUSCULACION;mint green e-business EXE;2019-06-06T11:41:15;true
9;National;Emilio;2019-06-05T21:42:29;MASCULINO;64769;Aaron_Schumm@yahoo.com;MUSCULACION;Iraq Bedfordshire;2019-06-06T02:51:13;false
10;24/7;Twila;2019-06-06T15:25:58;MASCULINO;55810;Guido97@hotmail.com;MUSCULACION;Moroccan Dirham;2019-06-06T02:22:39;false
