id;creation_date;name;food_1;food_2;food_3;food_4;food_5;food_6;food_7;food_8;food_9
1;2019-06-16T02:39:25;Directives application Home Loan Account;Dam;Practical Fresh Pants;Metal deposit;Producer;Implementation Electronics Officer;methodology Albania;Home Namibia;Steel zero administration;Multi-channelled Licensed
2;2019-06-15T20:48:17;syndicate;Mississippi Refined Rubber Chicken Table;Automotive;Planner cross-platform access;Public-key;infomediaries;Investment Account;Games Regional Digitized;copy convergence;Mayotte
3;2019-06-16T07:12:33;Facilitator;Views e-enable Communications;National Awesome sky blue;Tactics;scale interactive generating;Specialist Home Loan Account;Plastic;Car Industrial deliverables;orange Books;magenta monitor 1080p
4;2019-06-15T21:06:10;Identity;Frozen IB;Highway Ergonomic;moratorium moratorium;New York tangible Mississippi;Frozen bus;hard drive Robust Networked;Poland;Small partnerships;Outdoors
5;2019-06-15T20:22:19;knowledge base Buckinghamshire;Concrete Investment Account Saint Lucia;User-centric;Money Market Account;Salad Web virtual;Refined Squares;maroon;EXE projection Fresh;support Gorgeous;withdrawal
6;2019-06-16T11:38:00;cutting-edge ability Hat;supply-chains magenta;encompassing;Directives;sky blue;Kenyan Shilling robust;Versatile Exclusive Moroccan Dirham;capability zero tolerance Computers;Analyst paradigms;encompassing
7;2019-06-15T13:50:51;Public-key Granite;Way Dominican Republic;Bulgarian Lev navigate;Re-contextualized;web-enabled invoice withdrawal;bypassing optical;installation;Argentine Peso;Kentucky Algerian Dinar Clothing;open-source turn-key
8;2019-06-16T09:20:15;Quality;synthesize Creative;Forint;Concrete Global SMS;Profound;parsing;Borders content-based;Tasty Customer Human;pink even-keeled;bus Internal AI
9;2019-06-15T16:55:44;invoice Unbranded Cheese;New Zealand Dollar Alabama transform;invoice Home Gloves;Buckinghamshire Ports;Devolved driver Networked;Fish;payment calculating;local area network Benin;turn-key dedicated;Wisconsin
10;2019-06-15T12:09:09;Cambridgeshire Investor;cross-platform Borders;Libyan Dinar CSS;sensor;Alaska;deposit Chips Applications;uniform PCI back up;Tactics architectures Planner;Facilitator Incredible functionalities;compressing
