id;creation_date;name;description;url
1;2019-06-05T13:33:07;Supervisor;Personal Loan Account;https://hallie.com
2;2019-06-05T16:18:46;ubiquitous;Public-key Granite;http://isai.org
3;2019-06-05T03:50:12;Credit Card Account;navigate;http://deanna.net
4;2019-06-04T21:49:51;Point Orchestrator;Solomon Islands Licensed;https://camille.biz
5;2019-06-05T04:54:34;Argentine Peso;Kentucky Algerian Dinar Clothing;https://raleigh.biz
6;2019-06-05T08:44:17;Rustic Quality;synthesize Creative;http://mariah.info
7;2019-06-04T23:27:40;azure;SMS Enhanced;https://chanel.net
8;2019-06-04T17:32:03;Borders content-based;Tasty Customer Human;https://clair.info
9;2019-06-05T10:24:47;Saint Helena Pound programming;AI optical invoice;http://tre.com
10;2019-06-04T22:15:29;New Zealand Dollar Alabama transform;invoice Home Gloves;https://jean.net
