id;creation_date;training_number;description
1;2019-06-05T01:48:13;26520;Persevering
2;2019-06-04T17:43:24;97889;Cambridgeshire Investor
3;2019-06-05T06:39:00;79481;Borders North Dakota
4;2019-06-05T05:15:18;86416;Re-contextualized
5;2019-06-05T05:05:41;28077;Shoes deposit
6;2019-06-05T12:49:29;99455;Villages uniform PCI
7;2019-06-04T23:07:49;1545;Tactics architectures Planner
8;2019-06-04T17:56:55;98033;Incredible functionalities fuchsia
9;2019-06-05T10:37:55;31692;Pants Maryland
10;2019-06-04T18:36:28;84421;Intranet Ergonomic Concrete Soap Zambian Kwacha
